norway;挪威
sweden;瑞典
finland2;芬蘭
estonia;愛沙尼亞
latvia;拉脫維亞
lithuania;立陶宛
poland;波蘭
germany;德國
denmark;丹麥
holland;尼德兰
belgium;比利時
luxemburg;盧森堡
france;法國
uk;英國
ireland;愛爾蘭
iceland;冰岛
spain;西班牙
portugal;葡萄牙
switzerland;瑞士
austria;奧地利
czech;捷克共和國
slovakia;斯洛伐克
italy;意大利
slovenia;斯洛文尼亞
hungary;匈牙利
croatia;克羅地亞
bosher;波斯尼亞
montenegro;黑山
serbia;塞爾維亞
albania;阿爾巴尼亞
macedonia;馬其頓
greece;希臘
bulgaria;保加利亞
romania;羅馬尼亞
moldova;摩爾多瓦
ukraine;烏克蘭
belarus;白俄羅斯
russia;俄國
