norway;挪威
sweden;瑞典
finland2;芬兰
estonia;爱沙尼亚
latvia;拉脱维亚
lithuania;立陶宛
poland;波兰
germany;德国
denmark;丹麦
holland;尼德兰
belgium;比利时
luxemburg;卢森堡
france;法国
uk;英国
ireland;爱尔兰
iceland;冰岛
spain;西班牙
portugal;葡萄牙
switzerland;瑞士
austria;奥地利
czech;捷克共和国
slovakia;斯洛伐克
italy;意大利
slovenia;斯洛文尼亚
hungary;匈牙利
croatia;克罗地亚
bosher;波斯尼亚
montenegro;黑山
serbia;塞尔维亚
albania;阿尔巴尼亚
macedonia;马其顿
greece;希腊
bulgaria;保加利亚
romania;罗马尼亚
moldova;摩尔多瓦
ukraine;乌克兰
belarus;白俄罗斯
russia;俄国
