<?xml version="1.0" encoding="UTF-8" ?>
<XML_DIZ_INFO>
	<MASTER_PAD_VERSION_INFO>
		<MASTER_PAD_VERSION>2.01</MASTER_PAD_VERSION>
	</MASTER_PAD_VERSION_INFO>
	<Program_Info>
		<Program_Name>World in Chinese</Program_Name>
		<Program_Version>1.0</Program_Version>
		<Program_Release_Month></Program_Release_Month>
		<Program_Release_Day></Program_Release_Day>
		<Program_Release_Year></Program_Release_Year>
		<Program_Cost_Dollars> 0.00</Program_Cost_Dollars>
		<Program_Type></Program_Type>
		<Program_OS_Support>Windows 2k, Windows XP, Windows Vista</Program_OS_Support>
		<Program_System_Requirements></Program_System_Requirements>
		<Expire_Info>
			<Has_Expire_Info></Has_Expire_Info>
			<Expire_Count></Expire_Count>
			<Expire_Based_On>N/A</Expire_Based_On>
		</Expire_Info>
	</Program_Info>
	<Program_Descriptions>
		<English>
			<Char_Desc_450><![CDATA[Learn world geography in Chinese. Country, state and geographical names in Chinese and Pinyin.]]></Char_Desc_450>
		</English>
	</Program_Descriptions>
	<Web_Info>
		<Application_URLs>
			<Application_Info_URL>http://koti.welho.com/jantuukk/</Application_Info_URL>
			<Application_Screenshot_URL>http://koti.welho.com/jantuukk/images/screenshot4.jpg</Application_Screenshot_URL>
			<Application_Icon_URL></Application_Icon_URL>
		</Application_URLs>
		<Download_URLs>
			<Primary_Download_URL>http://koti.welho.com/jantuukk/wicdemoinstall.exe</Primary_Download_URL>
		</Download_URLs>
	</Web_Info>
</XML_DIZ_INFO>