colombia;Ge1lun2bi3ya4;哥伦比亚;哥倫比亞;Colombia
venezuela;Wei3nei4rui4la1;委内瑞拉;委內瑞拉;Venezuela
guyana;Gui1ya4na4;圭亚那;圭亞那;Guyana
surinam;Su1li3nan2;苏里南;蘇里南;Surinam
frenchguyana;Fa3shu3gui1ya4na4;法属圭亚那;法屬圭亞那;French Guyana
brazil;Ba1xi1;巴西;巴西;Brazil
ecuador;E4gua1duo1'er3;厄瓜多尔;厄瓜多爾;Ecuador
peru;Mi4lu3;秘鲁;秘魯;Peru
bolivia;Bo1li4wei2ya4;玻利维亚;玻利維亞;Bolivia
paraguay;Ba1la1gui1;巴拉圭;巴拉圭;Paraguay
uruguay;Wu1la1gui1;乌拉圭;烏拉圭;Uruguay
argentina;A1gen1ting2;阿根廷;阿根廷;Argentina
chile;Zhi4li4;智利;智利;Chile
